sku,qtd,descricao,parceira,atlas,tecnico,data,movimento,sap,id_tecnico,modalidade,responsavel,cat_material,observacao,modelo
241694232435,,4K RFIP,DIGITEC TECNOLOGIA DIGITAL E REPRES,INICIALIZADO,MYCON,23/08/2025 09:45:49,ENTREGA,41001583,108,ADS,IARLEY,EQUIPAMENTO,DIGITEC FTZ,DECODER CARDLESS 4K UHD S4KCW5 CABO IP
229968001535,,,,,MYCON,23/08/2025 09:45:58,DEVOLUCAO,,108,ADS,IARLEY,,DIGITEC FTZ,
743AEFAC54DE,,3.1,DIGITEC TECNOLOGIA DIGITAL E REPRES,SUSPEITO,PEDRO,23/08/2025 10:48:05,DEVOLUCAO,41001486,36,MOTO,IARLEY,EQUIPAMENTO,DIGITEC FTZ,MODEM VOIP EMTA WIFI 3.1 CG3000
9877E77E4FCD,,3.1,DIGITEC TECNOLOGIA DIGITAL E REPRES,INICIALIZADO,PEDRO,23/08/2025 10:48:05,DEVOLUCAO,41001486,36,MOTO,IARLEY,EQUIPAMENTO,DIGITEC FTZ,MODEM VOIP EMTA WIFI 3.1 CG3000
CABO DROP,500,CABO DROP,MISCELANEA,MISCELANEA,WELLINGTON,25/08/2025 07:21:49,ENTREGA,22057657,43,ADS,IARLEY,CRITICO,DIGITEC FTZ,CABO DROP 1FO LOW F FIG8 CINZA
ESTICADOR,20,ESTICADOR,MISCELANEA,MISCELANEA,WELLINGTON,25/08/2025 07:21:55,ENTREGA,22057659,43,ADS,IARLEY,NAO CRITICO,DIGITEC FTZ,ESTICADOR CUNHA P/DROP FO SDA1 DPR
184182068396,,LEGADO,DIGITEC TECNOLOGIA DIGITAL E REPRES,SUSPEITO,DANYEL,25/08/2025 07:38:03,DEVOLUCAO,41001273,94,MOTO,RENATO,EQUIPAMENTO,DIGITEC FTZ,THOMSON HIGH DEFINITION DCI713
226019934755,,CARD,DIGITEC TECNOLOGIA DIGITAL E REPRES,SUSPEITO,DANYEL,25/08/2025 07:38:15,DEVOLUCAO,41001234,94,MOTO,RENATO,EQUIPAMENTO,DIGITEC FTZ,SMART CARD PRETO NAGRA
184182820929,,LEGADO,DIGITEC TECNOLOGIA DIGITAL E REPRES,SUSPEITO,DANYEL,25/08/2025 07:38:36,DEVOLUCAO,41001273,94,MOTO,RENATO,EQUIPAMENTO,DIGITEC FTZ,THOMSON HIGH DEFINITION DCI713
226249101835,,CARD,DIGITEC TECNOLOGIA DIGITAL E REPRES,SUSPEITO,DANYEL,25/08/2025 07:38:39,DEVOLUCAO,41001234,94,MOTO,RENATO,EQUIPAMENTO,DIGITEC FTZ,SMART CARD PRETO NAGRA
743AEFABE2AE,,3.1,DIGITEC TECNOLOGIA DIGITAL E REPRES,INICIALIZADO,DANYEL,25/08/2025 07:39:04,DEVOLUCAO,41001486,94,MOTO,RENATO,EQUIPAMENTO,DIGITEC FTZ,MODEM VOIP EMTA WIFI 3.1 CG3000
1834AF9AE599,,3.1,DIGITEC TECNOLOGIA DIGITAL E REPRES,INICIALIZADO,DANYEL,25/08/2025 07:39:32,DEVOLUCAO,41001486,94,MOTO,MARCELO,EQUIPAMENTO,DIGITEC FTZ,MODEM VOIP EMTA WIFI 3.1 CG3000
CASA 1,10,CASA 1,MISCELANEA,MISCELANEA,EMERSON,25/08/2025 07:39:54,ENTREGA,22056343,90,ADS,IARLEY,NAO CRITICO,DIGITEC FTZ,MARCADOR CASA PTO NR 1
CASA 6,10,CASA 6,MISCELANEA,MISCELANEA,EMERSON,25/08/2025 07:40:06,ENTREGA,22056336,90,ADS,IARLEY,NAO CRITICO,DIGITEC FTZ,MARCADOR CASA PTO NR 6
CASA 0,10,CASA 0,MISCELANEA,MISCELANEA,EMERSON,25/08/2025 07:40:12,ENTREGA,22056342,90,ADS,IARLEY,NAO CRITICO,DIGITEC FTZ,MARCADOR CASA PTO NR 0
177206488608,,LEGADO,DIGITEC TECNOLOGIA DIGITAL E REPRES,SUSPEITO,DANYEL,25/08/2025 07:40:23,DEVOLUCAO,41001216,94,MOTO,RENATO,EQUIPAMENTO,DIGITEC FTZ,PACE - HD DCR 7411 VIRTUA
215469013452,,CARD,DIGITEC TECNOLOGIA DIGITAL E REPRES,SUSPEITO,DANYEL,25/08/2025 07:40:29,DEVOLUCAO,41001186,94,MOTO,RENATO,EQUIPAMENTO,DIGITEC FTZ,NAGRA KIT
203543138BC5,,WIFI 6,DIGITEC TECNOLOGIA DIGITAL E REPRES,SUSPEITO,LEANDRO,25/08/2025 07:41:10,DEVOLUCAO,41001552,76,VT,MARCELO,EQUIPAMENTO,DIGITEC FTZ,TERMINAL DOCSIS 3.1 EMTA WIFI6 F@ST3896
D4925E0920BD,,ONT,DIGITEC TECNOLOGIA DIGITAL E REPRES,SUSPEITO,LEANDRO,25/08/2025 07:41:10,DEVOLUCAO,41001535,76,VT,MARCELO,EQUIPAMENTO,DIGITEC FTZ,TERMINAL GPON WIFI TCG2232
229989613857,,4K RFIP,DIGITEC TECNOLOGIA DIGITAL E REPRES,SUSPEITO,LEANDRO,25/08/2025 07:41:10,DEVOLUCAO,41001528,76,VT,MARCELO,EQUIPAMENTO,DIGITEC FTZ,DECODER CARDLESS 4K UHD S4KCW3 CABO E IP
229982683349,,4K RFIP,DIGITEC TECNOLOGIA DIGITAL E REPRES,SUSPEITO,LEANDRO,25/08/2025 07:41:10,DEVOLUCAO,41001528,76,VT,MARCELO,EQUIPAMENTO,DIGITEC FTZ,DECODER CARDLESS 4K UHD S4KCW3 CABO E IP
241681522328,,BOOM BOX,DIGITEC TECNOLOGIA DIGITAL E REPRES,INICIALIZADO,DANYEL,25/08/2025 07:42:18,ENTREGA,41001573,94,MOTO,IARLEY,EQUIPAMENTO,DIGITEC FTZ,DECODER CARDLESS 4K UHD S4KCW4S CABO IP
241681734346,,BOOM BOX,DIGITEC TECNOLOGIA DIGITAL E REPRES,INICIALIZADO,DANYEL,25/08/2025 07:42:18,ENTREGA,41001573,94,MOTO,IARLEY,EQUIPAMENTO,DIGITEC FTZ,DECODER CARDLESS 4K UHD S4KCW4S CABO IP
203543584426,,WIFI 6,DIGITEC TECNOLOGIA DIGITAL E REPRES,INICIALIZADO,DANYEL,25/08/2025 07:42:28,ENTREGA,41001552,94,MOTO,IARLEY,EQUIPAMENTO,DIGITEC FTZ,TERMINAL DOCSIS 3.1 EMTA WIFI6 F@ST3896
203543159D8E,,WIFI 6,DIGITEC TECNOLOGIA DIGITAL E REPRES,SUSPEITO,EMERSON,25/08/2025 07:42:29,DEVOLUCAO,41001552,90,ADS,MARCELO,EQUIPAMENTO,DIGITEC FTZ,TERMINAL DOCSIS 3.1 EMTA WIFI6 F@ST3896
8C444F014C5F,,DUAL,DIGITEC TECNOLOGIA DIGITAL E REPRES,SUSPEITO,EMERSON,25/08/2025 07:42:37,DEVOLUCAO,41001292,90,ADS,MARCELO,EQUIPAMENTO,DIGITEC FTZ,HUMAX HGB10R-02
5C7D7D616F54,,3.1,DIGITEC TECNOLOGIA DIGITAL E REPRES,SUSPEITO,EMERSON,25/08/2025 07:42:44,DEVOLUCAO,41001482,90,ADS,MARCELO,EQUIPAMENTO,DIGITEC FTZ,MODEM VOIPEMTA WIFI 3.1 CGA4233CLB
48D68237C1EC,,GPON 6,DIGITEC TECNOLOGIA DIGITAL E REPRES,SUSPEITO,EMERSON,25/08/2025 07:42:56,DEVOLUCAO,41001590,90,ADS,MARCELO,EQUIPAMENTO,DIGITEC FTZ,TERMINAL GPON ONT WIFI6 F6600P-NACIONAL
3C82C0C9E3B0,,3.1,DIGITEC TECNOLOGIA DIGITAL E REPRES,SUSPEITO,EMERSON,25/08/2025 07:42:57,DEVOLUCAO,41001513,90,ADS,MARCELO,EQUIPAMENTO,DIGITEC FTZ,MODEM VOIP EMTA WIFI 3.1 TC3102 32X8
840112BFD034,,3.1,DIGITEC TECNOLOGIA DIGITAL E REPRES,SUSPEITO,EMERSON,25/08/2025 07:43:05,DEVOLUCAO,41001486,90,ADS,MARCELO,EQUIPAMENTO,DIGITEC FTZ,MODEM VOIP EMTA WIFI 3.1 CG3000
AP 3,10,AP 3,MISCELANEA,MISCELANEA,EDNEY,25/08/2025 07:44:16,ENTREGA,22025241,16,ADS,IARLEY,NAO CRITICO,DIGITEC FTZ,MARCADOR APTO AMAR. NR.3
AP 5,10,AP 5,MISCELANEA,MISCELANEA,EDNEY,25/08/2025 07:44:23,ENTREGA,22025237,16,ADS,IARLEY,NAO CRITICO,DIGITEC FTZ,MARCADOR APTO AMAR. NR.5
CASA 1,5,CASA 1,MISCELANEA,MISCELANEA,EDNEY,25/08/2025 07:44:30,ENTREGA,22056343,16,ADS,IARLEY,NAO CRITICO,DIGITEC FTZ,MARCADOR CASA PTO NR 1
CASA 3,5,CASA 3,MISCELANEA,MISCELANEA,EDNEY,25/08/2025 07:44:31,ENTREGA,22056345,16,ADS,IARLEY,NAO CRITICO,DIGITEC FTZ,MARCADOR CASA PTO NR 3
CASA 4,5,CASA 4,MISCELANEA,MISCELANEA,EDNEY,25/08/2025 07:44:35,ENTREGA,22056340,16,ADS,IARLEY,NAO CRITICO,DIGITEC FTZ,MARCADOR CASA PTO NR 4
CASA 5,5,CASA 5,MISCELANEA,MISCELANEA,EDNEY,25/08/2025 07:44:35,ENTREGA,22056331,16,ADS,IARLEY,NAO CRITICO,DIGITEC FTZ,MARCADOR CASA PTO NR 5
CASA 7,5,CASA 7,MISCELANEA,MISCELANEA,EDNEY,25/08/2025 07:44:39,ENTREGA,22056341,16,ADS,IARLEY,NAO CRITICO,DIGITEC FTZ,MARCADOR CASA PTO NR 7
BUCHA,10,BUCHA,MISCELANEA,MISCELANEA,EDNEY,25/08/2025 07:44:50,ENTREGA,22025136,16,ADS,IARLEY,NAO CRITICO,DIGITEC FTZ,BUCHA P/CABO RG6/59 BRANCA
F4E84FABF13A,,GPON 6,DIGITEC TECNOLOGIA DIGITAL E REPRES,INICIALIZADO,LEANDRO,25/08/2025 07:47:00,ENTREGA,41001560,76,VT,MARCELO,EQUIPAMENTO,DIGITEC FTZ,TERMINAL GPON ONT WIFI F6645P
F4E84FABF290,,GPON 6,DIGITEC TECNOLOGIA DIGITAL E REPRES,INICIALIZADO,LEANDRO,25/08/2025 07:47:00,ENTREGA,41001560,76,VT,MARCELO,EQUIPAMENTO,DIGITEC FTZ,TERMINAL GPON ONT WIFI F6645P
F4E84FABF362,,GPON 6,DIGITEC TECNOLOGIA DIGITAL E REPRES,INICIALIZADO,LEANDRO,25/08/2025 07:47:00,ENTREGA,41001560,76,VT,MARCELO,EQUIPAMENTO,DIGITEC FTZ,TERMINAL GPON ONT WIFI F6645P
F4E84FABE3EA,,GPON 6,DIGITEC TECNOLOGIA DIGITAL E REPRES,INICIALIZADO,LEANDRO,25/08/2025 07:47:00,ENTREGA,41001560,76,VT,MARCELO,EQUIPAMENTO,DIGITEC FTZ,TERMINAL GPON ONT WIFI F6645P
216909263350,,TOP MIX,DIGITEC TECNOLOGIA DIGITAL E REPRES,INICIALIZADO,LEANDRO,25/08/2025 07:47:00,ENTREGA,41001276,76,VT,MARCELO,EQUIPAMENTO,DIGITEC FTZ,DECODER DIGITAL HD HNB100 2T
246025656986,,CARD,DIGITEC TECNOLOGIA DIGITAL E REPRES,INICIALIZADO,LEANDRO,25/08/2025 07:47:00,ENTREGA,41001234,76,VT,MARCELO,EQUIPAMENTO,DIGITEC FTZ,SMART CARD PRETO NAGRA
216736517792,,TOP MIX,DIGITEC TECNOLOGIA DIGITAL E REPRES,INICIALIZADO,LEANDRO,25/08/2025 07:47:00,ENTREGA,41001276,76,VT,MARCELO,EQUIPAMENTO,DIGITEC FTZ,DECODER DIGITAL HD HNB100 2T
246101494657,,CARD,DIGITEC TECNOLOGIA DIGITAL E REPRES,INICIALIZADO,LEANDRO,25/08/2025 07:47:00,ENTREGA,41001234,76,VT,MARCELO,EQUIPAMENTO,DIGITEC FTZ,SMART CARD PRETO NAGRA
216411456270,,TOP MIX,DIGITEC TECNOLOGIA DIGITAL E REPRES,INICIALIZADO,LEANDRO,25/08/2025 07:47:00,ENTREGA,41001276,76,VT,MARCELO,EQUIPAMENTO,DIGITEC FTZ,DECODER DIGITAL HD HNB100 2T
226038785865,,CARD,DIGITEC TECNOLOGIA DIGITAL E REPRES,INICIALIZADO,LEANDRO,25/08/2025 07:47:00,ENTREGA,41001234,76,VT,MARCELO,EQUIPAMENTO,DIGITEC FTZ,SMART CARD PRETO NAGRA
216562129606,,TOP MIX,DIGITEC TECNOLOGIA DIGITAL E REPRES,INICIALIZADO,LEANDRO,25/08/2025 07:47:00,ENTREGA,41001276,76,VT,MARCELO,EQUIPAMENTO,DIGITEC FTZ,DECODER DIGITAL HD HNB100 2T
246295408396,,CARD,DIGITEC TECNOLOGIA DIGITAL E REPRES,INICIALIZADO,LEANDRO,25/08/2025 07:47:00,ENTREGA,41001234,76,VT,MARCELO,EQUIPAMENTO,DIGITEC FTZ,SMART CARD PRETO NAGRA
216336881316,,TOP MIX,DIGITEC TECNOLOGIA DIGITAL E REPRES,INICIALIZADO,LEANDRO,25/08/2025 07:47:00,ENTREGA,41001276,76,VT,MARCELO,EQUIPAMENTO,DIGITEC FTZ,DECODER DIGITAL HD HNB100 2T
246107004757,,CARD,DIGITEC TECNOLOGIA DIGITAL E REPRES,INICIALIZADO,LEANDRO,25/08/2025 07:47:00,ENTREGA,41001234,76,VT,MARCELO,EQUIPAMENTO,DIGITEC FTZ,SMART CARD PRETO NAGRA
F6,25,F6,MISCELANEA,MISCELANEA,LEANDRO,25/08/2025 07:47:00,ENTREGA,22026189,76,VT,MARCELO,CRITICO,DIGITEC FTZ,CONEC_RI COMPRESSAO F-6
FO,10,FO,MISCELANEA,MISCELANEA,LEANDRO,25/08/2025 07:47:00,ENTREGA,22057620,76,VT,MARCELO,CRITICO,DIGITEC FTZ,CONECTOR FO CAMPO FAST SC/APC
F8F53253BDC0,,,,,WEVERTON,25/08/2025 07:47:50,DEVOLUCAO,,106,ADS,RENATO,,DIGITEC FTZ,
14CA56D25D7D,,GPON 6,DIGITEC TECNOLOGIA DIGITAL E REPRES,INICIALIZADO,WEVERTON,25/08/2025 07:47:59,DEVOLUCAO,41001590,106,ADS,RENATO,EQUIPAMENTO,DIGITEC FTZ,TERMINAL GPON ONT WIFI6 F6600P-NACIONAL
C4509CBE6614,,3.1,DIGITEC TECNOLOGIA DIGITAL E REPRES,SUSPEITO,WEVERTON,25/08/2025 07:48:03,DEVOLUCAO,41001513,106,ADS,RENATO,EQUIPAMENTO,DIGITEC FTZ,MODEM VOIP EMTA WIFI 3.1 TC3102 32X8
582FF7173300,,3.1,DIGITEC TECNOLOGIA DIGITAL E REPRES,SUSPEITO,WEVERTON,25/08/2025 07:48:06,DEVOLUCAO,41001504,106,ADS,RENATO,EQUIPAMENTO,DIGITEC FTZ,MODEM VOIP EMTA WIFI 3.1 FAST3895
FIXA PT,100,FIXA PT,MISCELANEA,MISCELANEA,DEMERIO,25/08/2025 07:49:17,ENTREGA,22057635,13,ADS,IARLEY,CRITICO,DIGITEC FTZ,FIXADOR FIO PT RG6
VASELINA,1,VASELINA,MISCELANEA,MISCELANEA,DEMERIO,25/08/2025 07:49:20,ENTREGA,22025049,13,ADS,IARLEY,NAO CRITICO,DIGITEC FTZ,VASELINA SOLIDA POTE 410G
ALTA FUSAO,1,ALTA FUSAO,MISCELANEA,MISCELANEA,DEMERIO,25/08/2025 07:49:23,ENTREGA,22056332,13,ADS,IARLEY,NAO CRITICO,DIGITEC FTZ,FITA AUTO-FUSAO 23LB 19X10MM 3M NET
8401123733E0,,3.1,DIGITEC TECNOLOGIA DIGITAL E REPRES,SUSPEITO,JEAN,25/08/2025 07:53:49,DEVOLUCAO,41001486,68,ADS,IARLEY,EQUIPAMENTO,DIGITEC FTZ,MODEM VOIP EMTA WIFI 3.1 CG3000
6802B8DF951A,,3.1,DIGITEC TECNOLOGIA DIGITAL E REPRES,SUSPEITO,JEAN,25/08/2025 07:53:53,DEVOLUCAO,41001485,68,ADS,IARLEY,EQUIPAMENTO,DIGITEC FTZ,MODEM VOIP EMTA WIFI 3.1 CH8568
8CFDDE87AF53,,3.1,DIGITEC TECNOLOGIA DIGITAL E REPRES,SUSPEITO,JEAN,25/08/2025 07:53:57,DEVOLUCAO,41001504,68,ADS,IARLEY,EQUIPAMENTO,DIGITEC FTZ,MODEM VOIP EMTA WIFI 3.1 FAST3895
A0FF70D2E564,,3.1,DIGITEC TECNOLOGIA DIGITAL E REPRES,SUSPEITO,DOUGLAS,25/08/2025 07:53:57,DEVOLUCAO,41001482,89,ADS,MARCELO,EQUIPAMENTO,DIGITEC FTZ,MODEM VOIPEMTA WIFI 3.1 CGA4233CLB
8c444fb8f15e,,DUAL,DIGITEC TECNOLOGIA DIGITAL E REPRES,INICIALIZADO,DOUGLAS,25/08/2025 07:53:57,DEVOLUCAO,41001292,89,ADS,MARCELO,EQUIPAMENTO,DIGITEC FTZ,HUMAX HGB10R-02
B4F267498333,,3.1,DIGITEC TECNOLOGIA DIGITAL E REPRES,SUSPEITO,MARCELINO,25/08/2025 07:55:52,DEVOLUCAO,41001485,32,ADS,IARLEY,EQUIPAMENTO,DIGITEC FTZ,MODEM VOIP EMTA WIFI 3.1 CH8568
c85d38f0971d,,3.1,DIGITEC TECNOLOGIA DIGITAL E REPRES,SUSPEITO,MARCELINO,25/08/2025 07:56:56,DEVOLUCAO,41001481,32,ADS,IARLEY,EQUIPAMENTO,DIGITEC FTZ,MODEM VOIP EMTA WIFI 3.1 HGJ310
216620538392,,TOP MIX,DIGITEC TECNOLOGIA DIGITAL E REPRES,INICIALIZADO,MARCOS,25/08/2025 07:57:15,ENTREGA,41001276,82,ADS,RENATO,EQUIPAMENTO,DIGITEC FTZ,DECODER DIGITAL HD HNB100 2T
226294512630,,CARD,DIGITEC TECNOLOGIA DIGITAL E REPRES,INICIALIZADO,MARCOS,25/08/2025 07:57:20,ENTREGA,41001234,82,ADS,RENATO,EQUIPAMENTO,DIGITEC FTZ,SMART CARD PRETO NAGRA
216696312646,,TOP MIX,DIGITEC TECNOLOGIA DIGITAL E REPRES,INICIALIZADO,MARCOS,25/08/2025 07:57:31,ENTREGA,41001276,82,ADS,RENATO,EQUIPAMENTO,DIGITEC FTZ,DECODER DIGITAL HD HNB100 2T
226274688204,,CARD,DIGITEC TECNOLOGIA DIGITAL E REPRES,INICIALIZADO,MARCOS,25/08/2025 07:57:33,ENTREGA,41001234,82,ADS,RENATO,EQUIPAMENTO,DIGITEC FTZ,SMART CARD PRETO NAGRA
246317024154,,CARD,DIGITEC TECNOLOGIA DIGITAL E REPRES,INICIALIZADO,MARCOS,25/08/2025 07:57:45,ENTREGA,41001234,82,ADS,RENATO,EQUIPAMENTO,DIGITEC FTZ,SMART CARD PRETO NAGRA
10E17778E2F2,,,,,JEFERSON,25/08/2025 07:58:20,DEVOLUCAO,,99,RETIRADA,IARLEY,,DIGITEC FTZ,
A8705D76DD9B,,,,,JEFERSON,25/08/2025 07:58:24,DEVOLUCAO,,99,RETIRADA,IARLEY,,DIGITEC FTZ,
216732009596,,TOP MIX,DIGITEC TECNOLOGIA DIGITAL E REPRES,INICIALIZADO,MARCOS,25/08/2025 07:58:26,ENTREGA,41001276,82,ADS,RENATO,EQUIPAMENTO,DIGITEC FTZ,DECODER DIGITAL HD HNB100 2T
104121228000,,,,,JEFERSON,25/08/2025 07:58:28,DEVOLUCAO,,99,RETIRADA,IARLEY,,DIGITEC FTZ,
10a79330ef4b,,,,,JEFERSON,25/08/2025 07:58:54,DEVOLUCAO,,99,RETIRADA,IARLEY,,DIGITEC FTZ,
DC5193DACAD2,,WIFI MESH,DIGITEC TECNOLOGIA DIGITAL E REPRES,INICIALIZADO,MARCELINO,25/08/2025 07:59:58,ENTREGA,41001605,32,ADS,MARCELO,EQUIPAMENTO,DIGITEC FTZ,TERMINAL MESH EXTENSOR WIFI 6 Z1320
226346062734,,CARD,DIGITEC TECNOLOGIA DIGITAL E REPRES,INICIALIZADO,DOUGLAS,25/08/2025 08:00:02,ENTREGA,41001234,89,ADS,IARLEY,EQUIPAMENTO,DIGITEC FTZ,SMART CARD PRETO NAGRA
216872624858,,TOP MIX,DIGITEC TECNOLOGIA DIGITAL E REPRES,INICIALIZADO,DOUGLAS,25/08/2025 08:00:03,ENTREGA,41001276,89,ADS,IARLEY,EQUIPAMENTO,DIGITEC FTZ,DECODER DIGITAL HD HNB100 2T
6802B8506249,,3.1,DIGITEC TECNOLOGIA DIGITAL E REPRES,SUSPEITO,JOSE EDUARDO,25/08/2025 08:00:38,DEVOLUCAO,41001485,28,ADS,MARCELO,EQUIPAMENTO,DIGITEC FTZ,MODEM VOIP EMTA WIFI 3.1 CH8568
9877E703028B,,3.1,DIGITEC TECNOLOGIA DIGITAL E REPRES,SUSPEITO,JOSE EDUARDO,25/08/2025 08:00:38,DEVOLUCAO,41001486,28,ADS,MARCELO,EQUIPAMENTO,DIGITEC FTZ,MODEM VOIP EMTA WIFI 3.1 CG3000
506F0C3AB82F,,3.1,DIGITEC TECNOLOGIA DIGITAL E REPRES,SUSPEITO,JOSE EDUARDO,25/08/2025 08:00:38,DEVOLUCAO,41001504,28,ADS,MARCELO,EQUIPAMENTO,DIGITEC FTZ,MODEM VOIP EMTA WIFI 3.1 FAST3895
104121256D50,,3.1,DIGITEC TECNOLOGIA DIGITAL E REPRES,SUSPEITO,JOSE EDUARDO,25/08/2025 08:00:38,DEVOLUCAO,41001518,28,ADS,MARCELO,EQUIPAMENTO,DIGITEC FTZ,TERMINAL DOCSIS 3.1 WIFI HI3120
D86C5A670141,,3.1,DIGITEC TECNOLOGIA DIGITAL E REPRES,SUSPEITO,JOSE EDUARDO,25/08/2025 08:00:38,DEVOLUCAO,41001481,28,ADS,MARCELO,EQUIPAMENTO,DIGITEC FTZ,MODEM VOIP EMTA WIFI 3.1 HGJ310
D4B92F2C436C,,DUAL,DIGITEC TECNOLOGIA DIGITAL E REPRES,SUSPEITO,JOSE EDUARDO,25/08/2025 08:00:38,DEVOLUCAO,41001294,28,ADS,MARCELO,EQUIPAMENTO,DIGITEC FTZ,TECHNICOLOR TC7337NET
3C82C06B105C,,3.1,DIGITEC TECNOLOGIA DIGITAL E REPRES,SUSPEITO,JOSE EDUARDO,25/08/2025 08:00:38,DEVOLUCAO,41001513,28,ADS,MARCELO,EQUIPAMENTO,DIGITEC FTZ,MODEM VOIP EMTA WIFI 3.1 TC3102 32X8
F820D2079258,,3.1,DIGITEC TECNOLOGIA DIGITAL E REPRES,SUSPEITO,JOSE EDUARDO,25/08/2025 08:00:38,DEVOLUCAO,41001520,28,ADS,MARCELO,EQUIPAMENTO,DIGITEC FTZ,TERMINAL DOCSIS 3.1 32X8 EMTA WIF TG3442
F820D2057BFD,,3.1,DIGITEC TECNOLOGIA DIGITAL E REPRES,SUSPEITO,JOSE EDUARDO,25/08/2025 08:00:38,DEVOLUCAO,41001520,28,ADS,MARCELO,EQUIPAMENTO,DIGITEC FTZ,TERMINAL DOCSIS 3.1 32X8 EMTA WIF TG3442
9C2472307A9E,,,,,LUCAS,25/08/2025 08:00:56,DEVOLUCAO,,104,RETIRADA,IARLEY,,DIGITEC FTZ,
4CD08A3F1C68,,,,,LUCAS,25/08/2025 08:01:02,DEVOLUCAO,,104,RETIRADA,IARLEY,,DIGITEC FTZ,
24E4CED993BF,,WIFI MESH,DIGITEC TECNOLOGIA DIGITAL E REPRES,INICIALIZADO,MARCELINO,25/08/2025 08:01:33,ENTREGA,41001567,32,ADS,RENATO,EQUIPAMENTO,DIGITEC FTZ,TERMINAL EXTENSOR WIFI5 MESH AR2180T
DC5193DADB06,,WIFI MESH,DIGITEC TECNOLOGIA DIGITAL E REPRES,INICIALIZADO,MARCELINO,25/08/2025 08:01:37,ENTREGA,41001605,32,ADS,RENATO,EQUIPAMENTO,DIGITEC FTZ,TERMINAL MESH EXTENSOR WIFI 6 Z1320
2035431D03E7,,WIFI 6,DIGITEC TECNOLOGIA DIGITAL E REPRES,SUSPEITO,JOHN,25/08/2025 08:01:44,DEVOLUCAO,41001552,97,RETIRADA,IARLEY,EQUIPAMENTO,DIGITEC FTZ,TERMINAL DOCSIS 3.1 EMTA WIFI6 F@ST3896
4C195DD3DC27,,3.1,DIGITEC TECNOLOGIA DIGITAL E REPRES,SUSPEITO,JOHN,25/08/2025 08:01:48,DEVOLUCAO,41001504,97,RETIRADA,IARLEY,EQUIPAMENTO,DIGITEC FTZ,MODEM VOIP EMTA WIFI 3.1 FAST3895
D86C5A58B3ED,,3.1,DIGITEC TECNOLOGIA DIGITAL E REPRES,SUSPEITO,JOHN,25/08/2025 08:01:52,DEVOLUCAO,41001481,97,RETIRADA,IARLEY,EQUIPAMENTO,DIGITEC FTZ,MODEM VOIP EMTA WIFI 3.1 HGJ310
9877E7BB7C4F,,3.1,DIGITEC TECNOLOGIA DIGITAL E REPRES,INICIALIZADO,MARIVALDO,25/08/2025 08:02:45,DEVOLUCAO,41001486,78,ADS,RENATO,EQUIPAMENTO,DIGITEC FTZ,MODEM VOIP EMTA WIFI 3.1 CG3000
840112C180C1,,3.1,DIGITEC TECNOLOGIA DIGITAL E REPRES,SUSPEITO,MARIVALDO,25/08/2025 08:02:52,DEVOLUCAO,41001486,78,ADS,RENATO,EQUIPAMENTO,DIGITEC FTZ,MODEM VOIP EMTA WIFI 3.1 CG3000
F4C1147D9054,,3.1,DIGITEC TECNOLOGIA DIGITAL E REPRES,SUSPEITO,MARIVALDO,25/08/2025 08:02:55,DEVOLUCAO,41001482,78,ADS,RENATO,EQUIPAMENTO,DIGITEC FTZ,MODEM VOIPEMTA WIFI 3.1 CGA4233CLB
840112377FB3,,3.1,DIGITEC TECNOLOGIA DIGITAL E REPRES,SUSPEITO,LUIS FERNANDO,25/08/2025 08:03:44,DEVOLUCAO,41001486,98,RETIRADA,IARLEY,EQUIPAMENTO,DIGITEC FTZ,MODEM VOIP EMTA WIFI 3.1 CG3000
241682644042,,4K RFIP,DIGITEC TECNOLOGIA DIGITAL E REPRES,SUSPEITO,LUIS FERNANDO,25/08/2025 08:04:04,DEVOLUCAO,41001583,98,RETIRADA,IARLEY,EQUIPAMENTO,DIGITEC FTZ,DECODER CARDLESS 4K UHD S4KCW5 CABO IP
B85E71D7CDDC,,3.1,DIGITEC TECNOLOGIA DIGITAL E REPRES,SUSPEITO,LUIS FERNANDO,25/08/2025 08:05:17,DEVOLUCAO,41001513,98,RETIRADA,IARLEY,EQUIPAMENTO,DIGITEC FTZ,MODEM VOIP EMTA WIFI 3.1 TC3102 32X8
216795400925,,TOP MIX,DIGITEC TECNOLOGIA DIGITAL E REPRES,SUSPEITO,LUIS FERNANDO,25/08/2025 08:05:25,DEVOLUCAO,41001275,98,RETIRADA,IARLEY,EQUIPAMENTO,DIGITEC FTZ,DECODER HD DCI738 2T
226355710107,,CARD,DIGITEC TECNOLOGIA DIGITAL E REPRES,SUSPEITO,LUIS FERNANDO,25/08/2025 08:05:27,DEVOLUCAO,41001234,98,RETIRADA,IARLEY,EQUIPAMENTO,DIGITEC FTZ,SMART CARD PRETO NAGRA
216746193350,,TOP MIX,DIGITEC TECNOLOGIA DIGITAL E REPRES,SUSPEITO,LUIS FERNANDO,25/08/2025 08:05:56,DEVOLUCAO,41001277,98,RETIRADA,IARLEY,EQUIPAMENTO,DIGITEC FTZ,DECODER DIGITAL HD DXC5000 2T
246328842244,,,,,LUIS FERNANDO,25/08/2025 08:05:56,DEVOLUCAO,,98,RETIRADA,IARLEY,,DIGITEC FTZ,
229734686373,,TOP MIX,DIGITEC TECNOLOGIA DIGITAL E REPRES,SUSPEITO,LUIS FERNANDO,25/08/2025 08:06:05,DEVOLUCAO,41001047,98,RETIRADA,IARLEY,EQUIPAMENTO,DIGITEC FTZ,DECODER HD THDC4
246526915861,,SIM CARD,DIGITEC TECNOLOGIA DIGITAL E REPRES,SUSPEITO,LUIS FERNANDO,25/08/2025 08:06:23,DEVOLUCAO,41000805,98,RETIRADA,IARLEY,EQUIPAMENTO,DIGITEC FTZ,SMART SIM CARD NAGRA
20354316A41C,,,,,LUIS FERNANDO,25/08/2025 08:06:30,DEVOLUCAO,,98,RETIRADA,IARLEY,,DIGITEC FTZ,
241615236262,,4K RFIP,DIGITEC TECNOLOGIA DIGITAL E REPRES,SUSPEITO,LUIS FERNANDO,25/08/2025 08:06:37,DEVOLUCAO,41001583,98,RETIRADA,IARLEY,EQUIPAMENTO,DIGITEC FTZ,DECODER CARDLESS 4K UHD S4KCW5 CABO IP
241657031532,,4K RFIP,DIGITEC TECNOLOGIA DIGITAL E REPRES,SUSPEITO,LUIS FERNANDO,25/08/2025 08:06:41,DEVOLUCAO,41001583,98,RETIRADA,IARLEY,EQUIPAMENTO,DIGITEC FTZ,DECODER CARDLESS 4K UHD S4KCW5 CABO IP
B4F267682545,,,,,LUIS FERNANDO,25/08/2025 08:06:59,DEVOLUCAO,,98,RETIRADA,IARLEY,,DIGITEC FTZ,
181454530421,,LEGADO,DIGITEC TECNOLOGIA DIGITAL E REPRES,SUSPEITO,CARLOS,25/08/2025 08:07:21,DEVOLUCAO,41001216,08,VT,MARCELO,EQUIPAMENTO,DIGITEC FTZ,PACE - HD DCR 7411 VIRTUA
226475670019,,CARD,DIGITEC TECNOLOGIA DIGITAL E REPRES,SUSPEITO,CARLOS,25/08/2025 08:07:21,DEVOLUCAO,41001186,08,VT,MARCELO,EQUIPAMENTO,DIGITEC FTZ,NAGRA KIT
104121029870,,,,,CARLOS,25/08/2025 08:07:21,DEVOLUCAO,,08,VT,MARCELO,,DIGITEC FTZ,
229741398599,,TOP MIX,DIGITEC TECNOLOGIA DIGITAL E REPRES,SUSPEITO,CARLOS,25/08/2025 08:07:21,DEVOLUCAO,41001047,08,VT,MARCELO,EQUIPAMENTO,DIGITEC FTZ,DECODER HD THDC4
246527045268,,SIM CARD,DIGITEC TECNOLOGIA DIGITAL E REPRES,SUSPEITO,CARLOS,25/08/2025 08:07:21,DEVOLUCAO,41000805,08,VT,MARCELO,EQUIPAMENTO,DIGITEC FTZ,SMART SIM CARD NAGRA
216895773638,,TOP MIX,DIGITEC TECNOLOGIA DIGITAL E REPRES,SUSPEITO,CARLOS,25/08/2025 08:07:21,DEVOLUCAO,41001275,08,VT,MARCELO,EQUIPAMENTO,DIGITEC FTZ,DECODER HD DCI738 2T
246301202139,,CARD,DIGITEC TECNOLOGIA DIGITAL E REPRES,SUSPEITO,CARLOS,25/08/2025 08:07:21,DEVOLUCAO,41001234,08,VT,MARCELO,EQUIPAMENTO,DIGITEC FTZ,SMART CARD PRETO NAGRA
216919063139,,4K,DIGITEC TECNOLOGIA DIGITAL E REPRES,SUSPEITO,CARLOS,25/08/2025 08:07:21,DEVOLUCAO,41001068,08,VT,MARCELO,EQUIPAMENTO,DIGITEC FTZ,SAG4KC362
246453969618,,SIM CARD,DIGITEC TECNOLOGIA DIGITAL E REPRES,SUSPEITO,CARLOS,25/08/2025 08:07:21,DEVOLUCAO,41000805,08,VT,MARCELO,EQUIPAMENTO,DIGITEC FTZ,SMART SIM CARD NAGRA
229647916165,,4K,DIGITEC TECNOLOGIA DIGITAL E REPRES,INICIALIZADO,CARLOS,25/08/2025 08:07:21,DEVOLUCAO,41001068,08,VT,MARCELO,EQUIPAMENTO,DIGITEC FTZ,SAG4KC362
246457728289,,SIM CARD,DIGITEC TECNOLOGIA DIGITAL E REPRES,INICIALIZADO,CARLOS,25/08/2025 10:19:24,DEVOLUCAO,41000805,08,VT,MARCELO,EQUIPAMENTO,DIGITEC FTZ,SMART SIM CARD NAGRA
D4925E06ABA7,,ONT,DIGITEC TECNOLOGIA DIGITAL E REPRES,SUSPEITO,CARLOS,25/08/2025 08:07:21,DEVOLUCAO,41001535,08,VT,MARCELO,EQUIPAMENTO,DIGITEC FTZ,TERMINAL GPON WIFI TCG2232
3CF9F0ACA17C,,GPON 6,DIGITEC TECNOLOGIA DIGITAL E REPRES,SUSPEITO,CARLOS,25/08/2025 08:07:21,DEVOLUCAO,41001590,08,VT,MARCELO,EQUIPAMENTO,DIGITEC FTZ,TERMINAL GPON ONT WIFI6 F6600P-NACIONAL
216461349501,,TOP MIX,DIGITEC TECNOLOGIA DIGITAL E REPRES,SUSPEITO,CARLOS,25/08/2025 08:07:21,DEVOLUCAO,41001277,08,VT,MARCELO,EQUIPAMENTO,DIGITEC FTZ,DECODER DIGITAL HD DXC5000 2T
226390593960,,CARD,DIGITEC TECNOLOGIA DIGITAL E REPRES,SUSPEITO,CARLOS,25/08/2025 08:07:21,DEVOLUCAO,41001234,08,VT,MARCELO,EQUIPAMENTO,DIGITEC FTZ,SMART CARD PRETO NAGRA
2035431F40DD,,WIFI 6,DIGITEC TECNOLOGIA DIGITAL E REPRES,SUSPEITO,CARLOS,25/08/2025 08:07:21,DEVOLUCAO,41001552,08,VT,MARCELO,EQUIPAMENTO,DIGITEC FTZ,TERMINAL DOCSIS 3.1 EMTA WIFI6 F@ST3896
229875453041,,,,,LUIS FERNANDO,25/08/2025 08:07:35,DEVOLUCAO,,98,RETIRADA,IARLEY,,DIGITEC FTZ,
D86C5A55B615,,3.1,DIGITEC TECNOLOGIA DIGITAL E REPRES,SUSPEITO,JOSE EDUARDO,25/08/2025 08:08:00,DEVOLUCAO,41001481,28,ADS,RENATO,EQUIPAMENTO,DIGITEC FTZ,MODEM VOIP EMTA WIFI 3.1 HGJ310
241690051320,,4K RFIP,DIGITEC TECNOLOGIA DIGITAL E REPRES,INICIALIZADO,JEAN,25/08/2025 08:09:20,ENTREGA,41001583,68,ADS,IARLEY,EQUIPAMENTO,DIGITEC FTZ,DECODER CARDLESS 4K UHD S4KCW5 CABO IP
241694219504,,4K RFIP,DIGITEC TECNOLOGIA DIGITAL E REPRES,INICIALIZADO,JEAN,25/08/2025 08:09:29,ENTREGA,41001583,68,ADS,IARLEY,EQUIPAMENTO,DIGITEC FTZ,DECODER CARDLESS 4K UHD S4KCW5 CABO IP
E820E20C9CE5,,DUAL,DIGITEC TECNOLOGIA DIGITAL E REPRES,SUSPEITO,MYCON,25/08/2025 08:09:38,DEVOLUCAO,41001292,108,ADS,RENATO,EQUIPAMENTO,DIGITEC FTZ,HUMAX HGB10R-02
241694242739,,4K RFIP,DIGITEC TECNOLOGIA DIGITAL E REPRES,INICIALIZADO,JEAN,25/08/2025 08:09:39,ENTREGA,41001583,68,ADS,IARLEY,EQUIPAMENTO,DIGITEC FTZ,DECODER CARDLESS 4K UHD S4KCW5 CABO IP
30E98E2DF772,,ONT,DIGITEC TECNOLOGIA DIGITAL E REPRES,SUSPEITO,MYCON,25/08/2025 08:09:45,DEVOLUCAO,41001434,108,ADS,RENATO,EQUIPAMENTO,DIGITEC FTZ,KIT ONT HG8245Q2 DUAL BAND NACIONAL
241694237889,,4K RFIP,DIGITEC TECNOLOGIA DIGITAL E REPRES,INICIALIZADO,JEAN,25/08/2025 08:09:51,ENTREGA,41001583,68,ADS,IARLEY,EQUIPAMENTO,DIGITEC FTZ,DECODER CARDLESS 4K UHD S4KCW5 CABO IP
9877E74A3C2C,,3.1,DIGITEC TECNOLOGIA DIGITAL E REPRES,SUSPEITO,LEANDRO JOACILIO,25/08/2025 08:10:48,DEVOLUCAO,41001486,102,ADS,RENATO,EQUIPAMENTO,DIGITEC FTZ,MODEM VOIP EMTA WIFI 3.1 CG3000
1041212ABA40,,3.1,DIGITEC TECNOLOGIA DIGITAL E REPRES,SUSPEITO,LEANDRO JOACILIO,25/08/2025 08:10:58,DEVOLUCAO,41001518,102,ADS,RENATO,EQUIPAMENTO,DIGITEC FTZ,TERMINAL DOCSIS 3.1 WIFI HI3120
FO,10,FO,MISCELANEA,MISCELANEA,CARLOS,25/08/2025 08:11:07,ENTREGA,22057620,08,VT,MARCELO,CRITICO,DIGITEC FTZ,CONECTOR FO CAMPO FAST SC/APC
229892645964,,BOX,DIGITEC TECNOLOGIA DIGITAL E REPRES,INICIALIZADO,RODRIGO,25/08/2025 08:12:09,ENTREGA,41001538,100,RETIRADA,MARCELO,EQUIPAMENTO,DIGITEC FTZ,DECODER IP 4K UHD S4KW2 DDR FAST ETH
F081752D11F4,,DUAL,DIGITEC TECNOLOGIA DIGITAL E REPRES,SUSPEITO,GUILHERME,25/08/2025 08:12:35,DEVOLUCAO,41001095,24,ADS,RENATO,EQUIPAMENTO,DIGITEC FTZ,EMTA WIFI 3.0 FST3486 16X4
10412134B580,,3.1,DIGITEC TECNOLOGIA DIGITAL E REPRES,SUSPEITO,GUILHERME,25/08/2025 08:12:41,DEVOLUCAO,41001518,24,ADS,RENATO,EQUIPAMENTO,DIGITEC FTZ,TERMINAL DOCSIS 3.1 WIFI HI3120
345D9EB3F87E,,3.1,DIGITEC TECNOLOGIA DIGITAL E REPRES,SUSPEITO,GUILHERME,25/08/2025 08:12:45,DEVOLUCAO,41001504,24,ADS,RENATO,EQUIPAMENTO,DIGITEC FTZ,MODEM VOIP EMTA WIFI 3.1 FAST3895
10A7932F90F3,,WIFI 6,DIGITEC TECNOLOGIA DIGITAL E REPRES,SUSPEITO,GUILHERME,25/08/2025 08:12:50,DEVOLUCAO,41001553,24,ADS,RENATO,EQUIPAMENTO,DIGITEC FTZ,TERMINAL DOCSIS 3.1 EMTA WIFI6 TC3106
9C24723006A0,,WIFI 6,DIGITEC TECNOLOGIA DIGITAL E REPRES,SUSPEITO,GUILHERME,25/08/2025 08:12:56,DEVOLUCAO,41001552,24,ADS,RENATO,EQUIPAMENTO,DIGITEC FTZ,TERMINAL DOCSIS 3.1 EMTA WIFI6 F@ST3896
D86C5A3C15F3,,3.1,DIGITEC TECNOLOGIA DIGITAL E REPRES,SUSPEITO,GUILHERME,25/08/2025 08:13:01,DEVOLUCAO,41001481,24,ADS,RENATO,EQUIPAMENTO,DIGITEC FTZ,MODEM VOIP EMTA WIFI 3.1 HGJ310
8401123772FC,,3.1,DIGITEC TECNOLOGIA DIGITAL E REPRES,SUSPEITO,GUILHERME,25/08/2025 08:13:10,DEVOLUCAO,41001486,24,ADS,RENATO,EQUIPAMENTO,DIGITEC FTZ,MODEM VOIP EMTA WIFI 3.1 CG3000
44D4546B37F2,,3.1,DIGITEC TECNOLOGIA DIGITAL E REPRES,SUSPEITO,GUILHERME,25/08/2025 08:13:18,DEVOLUCAO,41001504,24,ADS,RENATO,EQUIPAMENTO,DIGITEC FTZ,MODEM VOIP EMTA WIFI 3.1 FAST3895
216896695456,,4K,DIGITEC TECNOLOGIA DIGITAL E REPRES,SUSPEITO,RODRIGO,25/08/2025 08:13:20,DEVOLUCAO,41001068,100,RETIRADA,IARLEY,EQUIPAMENTO,DIGITEC FTZ,SAG4KC362
48D6823738A6,,GPON 6,DIGITEC TECNOLOGIA DIGITAL E REPRES,SUSPEITO,GUILHERME,25/08/2025 08:13:31,DEVOLUCAO,41001590,24,ADS,RENATO,EQUIPAMENTO,DIGITEC FTZ,TERMINAL GPON ONT WIFI6 F6600P-NACIONAL
B0924A11433A,,WIFI 6,DIGITEC TECNOLOGIA DIGITAL E REPRES,SUSPEITO,WESLEY,25/08/2025 08:13:56,DEVOLUCAO,41001552,44,ADS,MARCELO,EQUIPAMENTO,DIGITEC FTZ,TERMINAL DOCSIS 3.1 EMTA WIFI6 F@ST3896
24E4CEA6E3D5,,WIFI 6,DIGITEC TECNOLOGIA DIGITAL E REPRES,SUSPEITO,WESLEY,25/08/2025 08:14:07,DEVOLUCAO,41001579,44,ADS,MARCELO,EQUIPAMENTO,DIGITEC FTZ,TERMINAL CG3600T CLARO BRAZIL D3.1 EMTA
246430850819,,SIM CARD,DIGITEC TECNOLOGIA DIGITAL E REPRES,SUSPEITO,RODRIGO,25/08/2025 08:14:16,DEVOLUCAO,41000805,100,RETIRADA,IARLEY,EQUIPAMENTO,DIGITEC FTZ,SMART SIM CARD NAGRA
216896678787,,4K,DIGITEC TECNOLOGIA DIGITAL E REPRES,SUSPEITO,RODRIGO,25/08/2025 08:14:32,DEVOLUCAO,41001068,100,RETIRADA,IARLEY,EQUIPAMENTO,DIGITEC FTZ,SAG4KC362
246430840111,,SIM CARD,DIGITEC TECNOLOGIA DIGITAL E REPRES,SUSPEITO,RODRIGO,25/08/2025 08:14:49,DEVOLUCAO,41000805,100,RETIRADA,IARLEY,EQUIPAMENTO,DIGITEC FTZ,SMART SIM CARD NAGRA
8C444F5A0C57,,DUAL,DIGITEC TECNOLOGIA DIGITAL E REPRES,SUSPEITO,WESLEY,25/08/2025 08:14:50,DEVOLUCAO,41001292,44,ADS,MARCELO,EQUIPAMENTO,DIGITEC FTZ,HUMAX HGB10R-02
2035431A44A6,,WIFI 6,DIGITEC TECNOLOGIA DIGITAL E REPRES,SUSPEITO,RODRIGO,25/08/2025 08:15:01,DEVOLUCAO,41001552,100,RETIRADA,IARLEY,EQUIPAMENTO,DIGITEC FTZ,TERMINAL DOCSIS 3.1 EMTA WIFI6 F@ST3896
E820E20E42B3,,DUAL,DIGITEC TECNOLOGIA DIGITAL E REPRES,SUSPEITO,RODRIGO,25/08/2025 08:15:06,DEVOLUCAO,41001292,100,RETIRADA,IARLEY,EQUIPAMENTO,DIGITEC FTZ,HUMAX HGB10R-02
5C7D7D632794,,,,,RODRIGO,25/08/2025 08:15:13,DEVOLUCAO,,100,RETIRADA,IARLEY,,DIGITEC FTZ,
229970910315,,4K RFIP,DIGITEC TECNOLOGIA DIGITAL E REPRES,SUSPEITO,PEDRO,25/08/2025 08:15:16,DEVOLUCAO,41001528,36,MOTO,MARCELO,EQUIPAMENTO,DIGITEC FTZ,DECODER CARDLESS 4K UHD S4KCW3 CABO E IP
C85D38EF37DB,,3.1,DIGITEC TECNOLOGIA DIGITAL E REPRES,SUSPEITO,PEDRO,25/08/2025 08:15:20,DEVOLUCAO,41001481,36,MOTO,MARCELO,EQUIPAMENTO,DIGITEC FTZ,MODEM VOIP EMTA WIFI 3.1 HGJ310
2C9569EF2A95,,DUAL,DIGITEC TECNOLOGIA DIGITAL E REPRES,SUSPEITO,RODRIGO,25/08/2025 08:15:26,DEVOLUCAO,41001293,100,RETIRADA,IARLEY,EQUIPAMENTO,DIGITEC FTZ,ARRIS TG1692A
B866850C5B8F,,DUAL,DIGITEC TECNOLOGIA DIGITAL E REPRES,SUSPEITO,PEDRO,25/08/2025 08:15:32,DEVOLUCAO,41001095,36,MOTO,MARCELO,EQUIPAMENTO,DIGITEC FTZ,EMTA WIFI 3.0 FST3486 16X4
CC0577B57AA8,,ONT,DIGITEC TECNOLOGIA DIGITAL E REPRES,INICIALIZADO,PEDRO,25/08/2025 08:16:27,DEVOLUCAO,41001434,36,MOTO,MARCELO,EQUIPAMENTO,DIGITEC FTZ,KIT ONT HG8245Q2 DUAL BAND NACIONAL
942CB3BF914A,,DUAL,DIGITEC TECNOLOGIA DIGITAL E REPRES,SUSPEITO,ALEXSANDRO,25/08/2025 08:17:08,DEVOLUCAO,41001356,05,ADS,RENATO,EQUIPAMENTO,DIGITEC FTZ,EMTA WIFI 3.0 HGA12R-02 16X4
94988F30FB15,,3.1,DIGITEC TECNOLOGIA DIGITAL E REPRES,SUSPEITO,ALEXSANDRO,25/08/2025 08:17:10,DEVOLUCAO,41001504,05,ADS,RENATO,EQUIPAMENTO,DIGITEC FTZ,MODEM VOIP EMTA WIFI 3.1 FAST3895
8C444FEFFA5E,,,,,JOHN,25/08/2025 08:17:29,DEVOLUCAO,,97,RETIRADA,IARLEY,,DIGITEC FTZ,
2035431A1909,,WIFI 6,DIGITEC TECNOLOGIA DIGITAL E REPRES,SUSPEITO,JOHN,25/08/2025 08:17:33,DEVOLUCAO,41001552,97,RETIRADA,IARLEY,EQUIPAMENTO,DIGITEC FTZ,TERMINAL DOCSIS 3.1 EMTA WIFI6 F@ST3896
B0BBE53D84E4,,,,,JOHN,25/08/2025 08:17:38,DEVOLUCAO,,97,RETIRADA,IARLEY,,DIGITEC FTZ,
C4EB42A2FFF5,,3.1,DIGITEC TECNOLOGIA DIGITAL E REPRES,SUSPEITO,JOHN,25/08/2025 08:18:09,DEVOLUCAO,41001504,97,RETIRADA,IARLEY,EQUIPAMENTO,DIGITEC FTZ,MODEM VOIP EMTA WIFI 3.1 FAST3895
10E17778E252,,,,,JOHN,25/08/2025 08:18:16,DEVOLUCAO,,97,RETIRADA,IARLEY,,DIGITEC FTZ,
184271286778,,TOP MIX,DIGITEC TECNOLOGIA DIGITAL E REPRES,INICIALIZADO,PEDRO,25/08/2025 08:18:42,ENTREGA,41001276,36,MOTO,MARCELO,EQUIPAMENTO,DIGITEC FTZ,DECODER DIGITAL HD HNB100 2T
226222732931,,CARD,DIGITEC TECNOLOGIA DIGITAL E REPRES,INICIALIZADO,PEDRO,25/08/2025 08:18:42,ENTREGA,41001234,36,MOTO,MARCELO,EQUIPAMENTO,DIGITEC FTZ,SMART CARD PRETO NAGRA
216736126991,,TOP MIX,DIGITEC TECNOLOGIA DIGITAL E REPRES,INICIALIZADO,PEDRO,25/08/2025 08:18:45,ENTREGA,41001276,36,MOTO,MARCELO,EQUIPAMENTO,DIGITEC FTZ,DECODER DIGITAL HD HNB100 2T
226183238088,,CARD,DIGITEC TECNOLOGIA DIGITAL E REPRES,INICIALIZADO,PEDRO,25/08/2025 08:18:46,ENTREGA,41001234,36,MOTO,MARCELO,EQUIPAMENTO,DIGITEC FTZ,SMART CARD PRETO NAGRA
216501508505,,TOP MIX,DIGITEC TECNOLOGIA DIGITAL E REPRES,INICIALIZADO,PEDRO,25/08/2025 08:18:51,ENTREGA,41001276,36,MOTO,MARCELO,EQUIPAMENTO,DIGITEC FTZ,DECODER DIGITAL HD HNB100 2T
226148165878,,CARD,DIGITEC TECNOLOGIA DIGITAL E REPRES,INICIALIZADO,PEDRO,25/08/2025 08:18:52,ENTREGA,41001234,36,MOTO,MARCELO,EQUIPAMENTO,DIGITEC FTZ,SMART CARD PRETO NAGRA
89550534860001009109,,CHIP,DIGITEC TECNOLOGIA DIGITAL E REPRES,INICIALIZADO,SEM TECNICO,25/08/2025 08:20:08,DEVOLUCAO,23105,47,LOG,MARCELO,EQUIPAMENTO,DIGITEC FTZ,SIM CARD MOVEL
840112DE411A,,3.1,DIGITEC TECNOLOGIA DIGITAL E REPRES,INICIALIZADO,MYCON,25/08/2025 08:20:41,ENTREGA,41001486,108,ADS,IARLEY,EQUIPAMENTO,DIGITEC FTZ,MODEM VOIP EMTA WIFI 3.1 CG3000
1834AF2526D3,,3.1,DIGITEC TECNOLOGIA DIGITAL E REPRES,INICIALIZADO,MYCON,25/08/2025 08:20:47,ENTREGA,41001486,108,ADS,IARLEY,EQUIPAMENTO,DIGITEC FTZ,MODEM VOIP EMTA WIFI 3.1 CG3000
1834AF24A5D1,,3.1,DIGITEC TECNOLOGIA DIGITAL E REPRES,INICIALIZADO,MYCON,25/08/2025 08:20:55,ENTREGA,41001486,108,ADS,IARLEY,EQUIPAMENTO,DIGITEC FTZ,MODEM VOIP EMTA WIFI 3.1 CG3000
9877E74A4BC9,,3.1,DIGITEC TECNOLOGIA DIGITAL E REPRES,INICIALIZADO,MYCON,25/08/2025 08:21:03,ENTREGA,41001486,108,ADS,IARLEY,EQUIPAMENTO,DIGITEC FTZ,MODEM VOIP EMTA WIFI 3.1 CG3000
8401129317FD,,3.1,DIGITEC TECNOLOGIA DIGITAL E REPRES,INICIALIZADO,MYCON,25/08/2025 08:21:11,ENTREGA,41001486,108,ADS,IARLEY,EQUIPAMENTO,DIGITEC FTZ,MODEM VOIP EMTA WIFI 3.1 CG3000
743AEF30E550,,3.1,DIGITEC TECNOLOGIA DIGITAL E REPRES,INICIALIZADO,MYCON,25/08/2025 08:21:15,ENTREGA,41001486,108,ADS,IARLEY,EQUIPAMENTO,DIGITEC FTZ,MODEM VOIP EMTA WIFI 3.1 CG3000
1834AF61A5E0,,3.1,DIGITEC TECNOLOGIA DIGITAL E REPRES,INICIALIZADO,MYCON,25/08/2025 08:21:22,ENTREGA,41001486,108,ADS,IARLEY,EQUIPAMENTO,DIGITEC FTZ,MODEM VOIP EMTA WIFI 3.1 CG3000
3CF9F0B03272,,GPON 6,DIGITEC TECNOLOGIA DIGITAL E REPRES,SUSPEITO,SEM TECNICO,25/08/2025 08:21:33,DEVOLUCAO,41001590,47,LOG,MARCELO,EQUIPAMENTO,DIGITEC FTZ,TERMINAL GPON ONT WIFI6 F6600P-NACIONAL
184183670518,,LEGADO,DIGITEC TECNOLOGIA DIGITAL E REPRES,SUSPEITO,SEM TECNICO,25/08/2025 08:21:36,DEVOLUCAO,41001273,47,LOG,MARCELO,EQUIPAMENTO,DIGITEC FTZ,THOMSON HIGH DEFINITION DCI713
226477059817,,CARD,DIGITEC TECNOLOGIA DIGITAL E REPRES,SUSPEITO,SEM TECNICO,25/08/2025 08:21:38,DEVOLUCAO,41001186,47,LOG,MARCELO,EQUIPAMENTO,DIGITEC FTZ,NAGRA KIT
F4E84FABF32C,,GPON 6,DIGITEC TECNOLOGIA DIGITAL E REPRES,INICIALIZADO,MYCON,25/08/2025 08:24:08,ENTREGA,41001560,108,ADS,IARLEY,EQUIPAMENTO,DIGITEC FTZ,TERMINAL GPON ONT WIFI F6645P
F4E84FABF164,,GPON 6,DIGITEC TECNOLOGIA DIGITAL E REPRES,INICIALIZADO,MYCON,25/08/2025 08:24:08,ENTREGA,41001560,108,ADS,IARLEY,EQUIPAMENTO,DIGITEC FTZ,TERMINAL GPON ONT WIFI F6645P
F4E84FABF218,,GPON 6,DIGITEC TECNOLOGIA DIGITAL E REPRES,INICIALIZADO,MYCON,25/08/2025 08:24:09,ENTREGA,41001560,108,ADS,IARLEY,EQUIPAMENTO,DIGITEC FTZ,TERMINAL GPON ONT WIFI F6645P
F4E84FABE4B6,,GPON 6,DIGITEC TECNOLOGIA DIGITAL E REPRES,INICIALIZADO,MYCON,25/08/2025 08:24:09,ENTREGA,41001560,108,ADS,IARLEY,EQUIPAMENTO,DIGITEC FTZ,TERMINAL GPON ONT WIFI F6645P
104121308360,,3.1,DIGITEC TECNOLOGIA DIGITAL E REPRES,INICIALIZADO,DEMERIO,25/08/2025 08:24:37,DEVOLUCAO,41001518,13,ADS,MARCELO,EQUIPAMENTO,DIGITEC FTZ,TERMINAL DOCSIS 3.1 WIFI HI3120
840112EBBEB0,,3.1,DIGITEC TECNOLOGIA DIGITAL E REPRES,SUSPEITO,DEMERIO,25/08/2025 08:24:37,DEVOLUCAO,41001486,13,ADS,MARCELO,EQUIPAMENTO,DIGITEC FTZ,MODEM VOIP EMTA WIFI 3.1 CG3000
E820E2182C17,,DUAL,DIGITEC TECNOLOGIA DIGITAL E REPRES,SUSPEITO,WALTER,25/08/2025 08:24:43,DEVOLUCAO,41001292,86,ADS,RENATO,EQUIPAMENTO,DIGITEC FTZ,HUMAX HGB10R-02
D4E2CB8E4CFC,,3.1,DIGITEC TECNOLOGIA DIGITAL E REPRES,SUSPEITO,WALTER,25/08/2025 08:24:47,DEVOLUCAO,41001513,86,ADS,RENATO,EQUIPAMENTO,DIGITEC FTZ,MODEM VOIP EMTA WIFI 3.1 TC3102 32X8
216557404869,,TOP MIX,DIGITEC TECNOLOGIA DIGITAL E REPRES,INICIALIZADO,MYCON,25/08/2025 08:26:09,ENTREGA,41001276,108,ADS,IARLEY,EQUIPAMENTO,DIGITEC FTZ,DECODER DIGITAL HD HNB100 2T
226369771827,,CARD,DIGITEC TECNOLOGIA DIGITAL E REPRES,INICIALIZADO,MYCON,25/08/2025 08:26:10,ENTREGA,41001234,108,ADS,IARLEY,EQUIPAMENTO,DIGITEC FTZ,SMART CARD PRETO NAGRA
216401046870,,TOP MIX,DIGITEC TECNOLOGIA DIGITAL E REPRES,INICIALIZADO,MYCON,25/08/2025 08:26:22,ENTREGA,41001276,108,ADS,IARLEY,EQUIPAMENTO,DIGITEC FTZ,DECODER DIGITAL HD HNB100 2T
246310353548,,CARD,DIGITEC TECNOLOGIA DIGITAL E REPRES,INICIALIZADO,MYCON,25/08/2025 08:26:24,ENTREGA,41001234,108,ADS,IARLEY,EQUIPAMENTO,DIGITEC FTZ,SMART CARD PRETO NAGRA
216409015976,,TOP MIX,DIGITEC TECNOLOGIA DIGITAL E REPRES,INICIALIZADO,MYCON,25/08/2025 08:26:32,ENTREGA,41001276,108,ADS,IARLEY,EQUIPAMENTO,DIGITEC FTZ,DECODER DIGITAL HD HNB100 2T
226172732339,,CARD,DIGITEC TECNOLOGIA DIGITAL E REPRES,INICIALIZADO,MYCON,25/08/2025 08:26:34,ENTREGA,41001234,108,ADS,IARLEY,EQUIPAMENTO,DIGITEC FTZ,SMART CARD PRETO NAGRA
216403517190,,TOP MIX,DIGITEC TECNOLOGIA DIGITAL E REPRES,INICIALIZADO,MYCON,25/08/2025 08:26:45,ENTREGA,41001276,108,ADS,IARLEY,EQUIPAMENTO,DIGITEC FTZ,DECODER DIGITAL HD HNB100 2T
246100532330,,CARD,DIGITEC TECNOLOGIA DIGITAL E REPRES,INICIALIZADO,MYCON,25/08/2025 08:26:45,ENTREGA,41001234,108,ADS,IARLEY,EQUIPAMENTO,DIGITEC FTZ,SMART CARD PRETO NAGRA
FO,10,FO,MISCELANEA,MISCELANEA,MYCON,25/08/2025 08:29:10,ENTREGA,22057620,108,ADS,IARLEY,CRITICO,DIGITEC FTZ,CONECTOR FO CAMPO FAST SC/APC
F6,50,F6,MISCELANEA,MISCELANEA,MYCON,25/08/2025 08:29:11,ENTREGA,22026189,108,ADS,IARLEY,CRITICO,DIGITEC FTZ,CONEC_RI COMPRESSAO F-6
5819f844d192,,,,,JOHN,25/08/2025 08:31:02,DEVOLUCAO,,97,RETIRADA,IARLEY,,DIGITEC FTZ,
c4eb42eb2a07,,,,,JOHN,25/08/2025 08:31:05,DEVOLUCAO,,97,RETIRADA,IARLEY,,DIGITEC FTZ,
2035431f5153,,,,,JOHN,25/08/2025 08:31:21,DEVOLUCAO,,97,RETIRADA,IARLEY,,DIGITEC FTZ,
CABO DROP,500,CABO DROP,MISCELANEA,MISCELANEA,WESLEY,25/08/2025 08:32:28,ENTREGA,22057657,44,ADS,RENATO,CRITICO,DIGITEC FTZ,CABO DROP 1FO LOW F FIG8 CINZA
FO,10,FO,MISCELANEA,MISCELANEA,WESLEY,25/08/2025 08:32:31,ENTREGA,22057620,44,ADS,RENATO,CRITICO,DIGITEC FTZ,CONECTOR FO CAMPO FAST SC/APC
CABO PRETO,305,CABO PRETO,MISCELANEA,MISCELANEA,ALEXSANDRO,25/08/2025 08:33:23,ENTREGA,22026223,05,ADS,MARCELO,CRITICO,DIGITEC FTZ,CABO COAXIAL RG6 TRI C/M PT
229678550009,,,,,JOHN,25/08/2025 08:33:36,DEVOLUCAO,,97,RETIRADA,IARLEY,,DIGITEC FTZ,
226328538385,,,,,JOHN,25/08/2025 08:33:52,DEVOLUCAO,,97,RETIRADA,IARLEY,,DIGITEC FTZ,
20354321f0dc,,WIFI 6,DIGITEC TECNOLOGIA DIGITAL E REPRES,SUSPEITO,JOHN,25/08/2025 08:33:57,DEVOLUCAO,41001552,97,RETIRADA,IARLEY,EQUIPAMENTO,DIGITEC FTZ,TERMINAL DOCSIS 3.1 EMTA WIFI6 F@ST3896
241595376883,,,,,JOHN,25/08/2025 08:34:03,DEVOLUCAO,,97,RETIRADA,IARLEY,,DIGITEC FTZ,
230027511630,,,,,JOHN,25/08/2025 08:34:07,DEVOLUCAO,,97,RETIRADA,IARLEY,,DIGITEC FTZ,
241620040526,,,,,JOHN,25/08/2025 08:34:26,DEVOLUCAO,,97,RETIRADA,IARLEY,,DIGITEC FTZ,
6802b8db4598,,3.1,DIGITEC TECNOLOGIA DIGITAL E REPRES,SUSPEITO,JOHN,25/08/2025 08:34:38,DEVOLUCAO,41001485,97,RETIRADA,IARLEY,EQUIPAMENTO,DIGITEC FTZ,MODEM VOIP EMTA WIFI 3.1 CH8568
216898260627,,,,,JOHN,25/08/2025 08:35:04,DEVOLUCAO,,97,RETIRADA,IARLEY,,DIGITEC FTZ,
246435521432,,,,,JOHN,25/08/2025 08:35:05,DEVOLUCAO,,97,RETIRADA,IARLEY,,DIGITEC FTZ,
b0daf963f7b5,,DUAL,DIGITEC TECNOLOGIA DIGITAL E REPRES,SUSPEITO,JOHN,25/08/2025 08:35:09,DEVOLUCAO,41001293,97,RETIRADA,IARLEY,EQUIPAMENTO,DIGITEC FTZ,ARRIS TG1692A
889e68da6dbc,,3.1,DIGITEC TECNOLOGIA DIGITAL E REPRES,SUSPEITO,EDSON,25/08/2025 08:36:16,DEVOLUCAO,41001482,101,RETIRADA,IARLEY,EQUIPAMENTO,DIGITEC FTZ,MODEM VOIPEMTA WIFI 3.1 CGA4233CLB
d86c5a03a651,,3.1,DIGITEC TECNOLOGIA DIGITAL E REPRES,SUSPEITO,EDSON,25/08/2025 08:36:22,DEVOLUCAO,41001481,101,RETIRADA,IARLEY,EQUIPAMENTO,DIGITEC FTZ,MODEM VOIP EMTA WIFI 3.1 HGJ310
c85d38fae77c,,3.1,DIGITEC TECNOLOGIA DIGITAL E REPRES,SUSPEITO,EDSON,25/08/2025 08:36:28,DEVOLUCAO,41001481,101,RETIRADA,IARLEY,EQUIPAMENTO,DIGITEC FTZ,MODEM VOIP EMTA WIFI 3.1 HGJ310
942cb3ec1c13,,DUAL,DIGITEC TECNOLOGIA DIGITAL E REPRES,SUSPEITO,EDSON,25/08/2025 08:37:09,DEVOLUCAO,41001292,101,RETIRADA,IARLEY,EQUIPAMENTO,DIGITEC FTZ,HUMAX HGB10R-02
CABO PRETO,305,CABO PRETO,MISCELANEA,MISCELANEA,DEMERIO,25/08/2025 08:37:28,ENTREGA,22026223,13,ADS,MARCELO,CRITICO,DIGITEC FTZ,CABO COAXIAL RG6 TRI C/M PT
f4e84f87ca6a,,GPON 6,DIGITEC TECNOLOGIA DIGITAL E REPRES,SUSPEITO,EDSON,25/08/2025 08:38:08,DEVOLUCAO,41001590,101,RETIRADA,IARLEY,EQUIPAMENTO,DIGITEC FTZ,TERMINAL GPON ONT WIFI6 F6600P-NACIONAL
216909927690,,TOP MIX,DIGITEC TECNOLOGIA DIGITAL E REPRES,SUSPEITO,EDSON,25/08/2025 08:38:14,DEVOLUCAO,41001276,101,RETIRADA,IARLEY,EQUIPAMENTO,DIGITEC FTZ,DECODER DIGITAL HD HNB100 2T
246347258585,,CARD,DIGITEC TECNOLOGIA DIGITAL E REPRES,SUSPEITO,EDSON,25/08/2025 08:38:17,DEVOLUCAO,41001234,101,RETIRADA,IARLEY,EQUIPAMENTO,DIGITEC FTZ,SMART CARD PRETO NAGRA
241670036470,,4K RFIP,DIGITEC TECNOLOGIA DIGITAL E REPRES,SUSPEITO,EDSON,25/08/2025 08:38:44,DEVOLUCAO,41001583,101,RETIRADA,IARLEY,EQUIPAMENTO,DIGITEC FTZ,DECODER CARDLESS 4K UHD S4KCW5 CABO IP
e8d2ff96ccbf,,3.1,DIGITEC TECNOLOGIA DIGITAL E REPRES,SUSPEITO,EDSON,25/08/2025 08:38:51,DEVOLUCAO,41001504,101,RETIRADA,IARLEY,EQUIPAMENTO,DIGITEC FTZ,MODEM VOIP EMTA WIFI 3.1 FAST3895
f820d2079be0,,3.1,DIGITEC TECNOLOGIA DIGITAL E REPRES,SUSPEITO,EDSON,25/08/2025 08:39:05,DEVOLUCAO,41001520,101,RETIRADA,IARLEY,EQUIPAMENTO,DIGITEC FTZ,TERMINAL DOCSIS 3.1 32X8 EMTA WIF TG3442
48d682371d40,,GPON 6,DIGITEC TECNOLOGIA DIGITAL E REPRES,SUSPEITO,EDSON,25/08/2025 08:39:24,DEVOLUCAO,41001590,101,RETIRADA,IARLEY,EQUIPAMENTO,DIGITEC FTZ,TERMINAL GPON ONT WIFI6 F6600P-NACIONAL
b4f2676823b0,,WIFI MESH,DIGITEC TECNOLOGIA DIGITAL E REPRES,SUSPEITO,EDSON,25/08/2025 08:39:57,DEVOLUCAO,41001523,101,RETIRADA,IARLEY,EQUIPAMENTO,DIGITEC FTZ,TERMINAL EXTENSOR WIFI MESH AP5541
CABO DROP,500,CABO DROP,MISCELANEA,MISCELANEA,MYCON,25/08/2025 08:42:11,ENTREGA,22057657,108,ADS,IARLEY,CRITICO,DIGITEC FTZ,CABO DROP 1FO LOW F FIG8 CINZA
CABO DE REDE,70,CABO DE REDE,MISCELANEA,MISCELANEA,DEMERIO,25/08/2025 08:44:34,ENTREGA,22056369,13,ADS,RENATO,CRITICO,DIGITEC FTZ,CABO UTP CAT5E ETHERNET NET
ESTICADOR,20,ESTICADOR,MISCELANEA,MISCELANEA,WESLEY,25/08/2025 08:45:26,ENTREGA,22057659,44,ADS,RENATO,NAO CRITICO,DIGITEC FTZ,ESTICADOR CUNHA P/DROP FO SDA1 DPR
2035435ca7ec,,WIFI 6,DIGITEC TECNOLOGIA DIGITAL E REPRES,INICIALIZADO,ROBERIO,25/08/2025 09:15:23,DEVOLUCAO,41001552,103,ADS,IARLEY,EQUIPAMENTO,DIGITEC FTZ,TERMINAL DOCSIS 3.1 EMTA WIFI6 F@ST3896
2035435c919c,,WIFI 6,DIGITEC TECNOLOGIA DIGITAL E REPRES,INICIALIZADO,ROBERIO,25/08/2025 09:15:47,DEVOLUCAO,41001552,103,ADS,IARLEY,EQUIPAMENTO,DIGITEC FTZ,TERMINAL DOCSIS 3.1 EMTA WIFI6 F@ST3896
2035435ca8c5,,WIFI 6,DIGITEC TECNOLOGIA DIGITAL E REPRES,INICIALIZADO,ROBERIO,25/08/2025 09:16:34,DEVOLUCAO,41001552,103,ADS,IARLEY,EQUIPAMENTO,DIGITEC FTZ,TERMINAL DOCSIS 3.1 EMTA WIFI6 F@ST3896
bc644bda248b,,DUAL,DIGITEC TECNOLOGIA DIGITAL E REPRES,SUSPEITO,ROBERIO,25/08/2025 09:18:16,DEVOLUCAO,41001293,103,ADS,IARLEY,EQUIPAMENTO,DIGITEC FTZ,ARRIS TG1692A
9877e7c0c842,,3.1,DIGITEC TECNOLOGIA DIGITAL E REPRES,SUSPEITO,ROBERIO,25/08/2025 09:18:27,DEVOLUCAO,41001486,103,ADS,IARLEY,EQUIPAMENTO,DIGITEC FTZ,MODEM VOIP EMTA WIFI 3.1 CG3000
c4eb42ea3706,,3.1,DIGITEC TECNOLOGIA DIGITAL E REPRES,INICIALIZADO,ROBERIO,25/08/2025 09:19:07,DEVOLUCAO,41001504,103,ADS,IARLEY,EQUIPAMENTO,DIGITEC FTZ,MODEM VOIP EMTA WIFI 3.1 FAST3895
20354356fb1f,,WIFI 6,DIGITEC TECNOLOGIA DIGITAL E REPRES,INICIALIZADO,ROBERIO,25/08/2025 09:19:17,DEVOLUCAO,41001552,103,ADS,IARLEY,EQUIPAMENTO,DIGITEC FTZ,TERMINAL DOCSIS 3.1 EMTA WIFI6 F@ST3896
b4f267342173,,3.1,DIGITEC TECNOLOGIA DIGITAL E REPRES,SUSPEITO,ROBERIO,25/08/2025 09:19:59,DEVOLUCAO,41001485,103,ADS,IARLEY,EQUIPAMENTO,DIGITEC FTZ,MODEM VOIP EMTA WIFI 3.1 CH8568
541310dd585a,,ONT,DIGITEC TECNOLOGIA DIGITAL E REPRES,INICIALIZADO,ROBERIO,25/08/2025 09:20:05,DEVOLUCAO,41001434,103,ADS,IARLEY,EQUIPAMENTO,DIGITEC FTZ,KIT ONT HG8245Q2 DUAL BAND NACIONAL
dc5193dad132,,WIFI MESH,DIGITEC TECNOLOGIA DIGITAL E REPRES,INICIALIZADO,ROBERIO,25/08/2025 09:20:12,DEVOLUCAO,41001605,103,ADS,IARLEY,EQUIPAMENTO,DIGITEC FTZ,TERMINAL MESH EXTENSOR WIFI 6 Z1320
48d68237393c,,GPON 6,DIGITEC TECNOLOGIA DIGITAL E REPRES,INICIALIZADO,ROBERIO,25/08/2025 09:21:36,DEVOLUCAO,41001590,103,ADS,IARLEY,EQUIPAMENTO,DIGITEC FTZ,TERMINAL GPON ONT WIFI6 F6600P-NACIONAL
48d68237366c,,GPON 6,DIGITEC TECNOLOGIA DIGITAL E REPRES,PERDA,ROBERIO,25/08/2025 09:21:40,DEVOLUCAO,41001590,103,ADS,IARLEY,EQUIPAMENTO,DIGITEC FTZ,TERMINAL GPON ONT WIFI6 F6600P-NACIONAL
48d68237357c,,GPON 6,DIGITEC TECNOLOGIA DIGITAL E REPRES,INICIALIZADO,ROBERIO,25/08/2025 09:22:32,DEVOLUCAO,41001590,103,ADS,IARLEY,EQUIPAMENTO,DIGITEC FTZ,TERMINAL GPON ONT WIFI6 F6600P-NACIONAL
8c444f09920a,,,,,ROBERIO,25/08/2025 09:23:02,DEVOLUCAO,,103,ADS,IARLEY,,DIGITEC FTZ,
6802b814766d,,3.1,DIGITEC TECNOLOGIA DIGITAL E REPRES,SUSPEITO,ROBERIO,25/08/2025 09:23:58,DEVOLUCAO,41001485,103,ADS,IARLEY,EQUIPAMENTO,DIGITEC FTZ,MODEM VOIP EMTA WIFI 3.1 CH8568
30e98e159cc5,,ONT,DIGITEC TECNOLOGIA DIGITAL E REPRES,SUSPEITO,ROBERIO,25/08/2025 09:24:12,DEVOLUCAO,41001434,103,ADS,IARLEY,EQUIPAMENTO,DIGITEC FTZ,KIT ONT HG8245Q2 DUAL BAND NACIONAL
64fd965fa25d,,3.1,DIGITEC TECNOLOGIA DIGITAL E REPRES,PERDA,ROBERIO,25/08/2025 09:24:17,DEVOLUCAO,41001504,103,ADS,IARLEY,EQUIPAMENTO,DIGITEC FTZ,MODEM VOIP EMTA WIFI 3.1 FAST3895
484bd4aa09e4,,3.1,DIGITEC TECNOLOGIA DIGITAL E REPRES,SUSPEITO,ROBERIO,25/08/2025 09:24:27,DEVOLUCAO,41001513,103,ADS,IARLEY,EQUIPAMENTO,DIGITEC FTZ,MODEM VOIP EMTA WIFI 3.1 TC3102 32X8
10412134eb50,,3.1,DIGITEC TECNOLOGIA DIGITAL E REPRES,INICIALIZADO,ROBERIO,25/08/2025 09:24:39,DEVOLUCAO,41001518,103,ADS,IARLEY,EQUIPAMENTO,DIGITEC FTZ,TERMINAL DOCSIS 3.1 WIFI HI3120
90aac3a8fdf0,,3.1,DIGITEC TECNOLOGIA DIGITAL E REPRES,INICIALIZADO,ROBERIO,25/08/2025 09:24:46,DEVOLUCAO,41001518,103,ADS,IARLEY,EQUIPAMENTO,DIGITEC FTZ,TERMINAL DOCSIS 3.1 WIFI HI3120
1041210807a0,,3.1,DIGITEC TECNOLOGIA DIGITAL E REPRES,INICIALIZADO,ROBERIO,25/08/2025 09:25:01,DEVOLUCAO,41001518,103,ADS,IARLEY,EQUIPAMENTO,DIGITEC FTZ,TERMINAL DOCSIS 3.1 WIFI HI3120
5cfa25170f13,,3.1,DIGITEC TECNOLOGIA DIGITAL E REPRES,INICIALIZADO,ROBERIO,25/08/2025 09:25:07,DEVOLUCAO,41001504,103,ADS,IARLEY,EQUIPAMENTO,DIGITEC FTZ,MODEM VOIP EMTA WIFI 3.1 FAST3895
30e98e156de3,,ONT,DIGITEC TECNOLOGIA DIGITAL E REPRES,SUSPEITO,ROBERIO,25/08/2025 09:25:25,DEVOLUCAO,41001434,103,ADS,IARLEY,EQUIPAMENTO,DIGITEC FTZ,KIT ONT HG8245Q2 DUAL BAND NACIONAL
89550534860001190644,,CHIP,DIGITEC TECNOLOGIA DIGITAL E REPRES,INICIALIZADO,ROBERIO,25/08/2025 09:30:12,DEVOLUCAO,23105,103,ADS,IARLEY,EQUIPAMENTO,DIGITEC FTZ,SIM CARD MOVEL
20354313536a,,WIFI 6,DIGITEC TECNOLOGIA DIGITAL E REPRES,SUSPEITO,ROBERIO,25/08/2025 09:30:17,DEVOLUCAO,41001552,103,ADS,IARLEY,EQUIPAMENTO,DIGITEC FTZ,TERMINAL DOCSIS 3.1 EMTA WIFI6 F@ST3896
905851a6ca47,,DUAL,DIGITEC TECNOLOGIA DIGITAL E REPRES,SUSPEITO,ROBERIO,25/08/2025 09:30:21,DEVOLUCAO,41001294,103,ADS,IARLEY,EQUIPAMENTO,DIGITEC FTZ,TECHNICOLOR TC7337NET
d86c5a4b8ae4,,3.1,DIGITEC TECNOLOGIA DIGITAL E REPRES,SUSPEITO,ROBERIO,25/08/2025 09:30:28,DEVOLUCAO,41001481,103,ADS,IARLEY,EQUIPAMENTO,DIGITEC FTZ,MODEM VOIP EMTA WIFI 3.1 HGJ310
943c96acbc33,,3.1,DIGITEC TECNOLOGIA DIGITAL E REPRES,INICIALIZADO,ROBERIO,25/08/2025 09:30:43,DEVOLUCAO,41001504,103,ADS,IARLEY,EQUIPAMENTO,DIGITEC FTZ,MODEM VOIP EMTA WIFI 3.1 FAST3895
RJ 45,4,RJ 45,MISCELANEA,MISCELANEA,DEMERIO,25/08/2025 10:03:46,ENTREGA,22061811,13,ADS,RENATO,CRITICO,DIGITEC FTZ,CONECTOR UTP RJ45 M CAT 5 24AWG
CASA 0,5,CASA 0,MISCELANEA,MISCELANEA,WESLEY,25/08/2025 10:04:02,ENTREGA,22056342,44,ADS,RENATO,NAO CRITICO,DIGITEC FTZ,MARCADOR CASA PTO NR 0
CASA 1,5,CASA 1,MISCELANEA,MISCELANEA,WESLEY,25/08/2025 10:04:02,ENTREGA,22056343,44,ADS,RENATO,NAO CRITICO,DIGITEC FTZ,MARCADOR CASA PTO NR 1
CASA 2,5,CASA 2,MISCELANEA,MISCELANEA,WESLEY,25/08/2025 10:04:02,ENTREGA,22056344,44,ADS,RENATO,NAO CRITICO,DIGITEC FTZ,MARCADOR CASA PTO NR 2
CASA 3,5,CASA 3,MISCELANEA,MISCELANEA,WESLEY,25/08/2025 10:04:02,ENTREGA,22056345,44,ADS,RENATO,NAO CRITICO,DIGITEC FTZ,MARCADOR CASA PTO NR 3
CASA 4,5,CASA 4,MISCELANEA,MISCELANEA,WESLEY,25/08/2025 10:04:02,ENTREGA,22056340,44,ADS,RENATO,NAO CRITICO,DIGITEC FTZ,MARCADOR CASA PTO NR 4
CASA 5,5,CASA 5,MISCELANEA,MISCELANEA,WESLEY,25/08/2025 10:04:02,ENTREGA,22056331,44,ADS,RENATO,NAO CRITICO,DIGITEC FTZ,MARCADOR CASA PTO NR 5
CASA 6,5,CASA 6,MISCELANEA,MISCELANEA,WESLEY,25/08/2025 10:04:02,ENTREGA,22056336,44,ADS,RENATO,NAO CRITICO,DIGITEC FTZ,MARCADOR CASA PTO NR 6
CASA 7,5,CASA 7,MISCELANEA,MISCELANEA,WESLEY,25/08/2025 10:04:02,ENTREGA,22056341,44,ADS,RENATO,NAO CRITICO,DIGITEC FTZ,MARCADOR CASA PTO NR 7
CASA 8,5,CASA 8,MISCELANEA,MISCELANEA,WESLEY,25/08/2025 10:04:02,ENTREGA,22056337,44,ADS,RENATO,NAO CRITICO,DIGITEC FTZ,MARCADOR CASA PTO NR 8
CASA 9,5,CASA 9,MISCELANEA,MISCELANEA,WESLEY,25/08/2025 10:04:02,ENTREGA,22056339,44,ADS,RENATO,NAO CRITICO,DIGITEC FTZ,MARCADOR CASA PTO NR 9
CABO DROP,300,CABO DROP,MISCELANEA,MISCELANEA,JOSE EDUARDO,25/08/2025 10:55:04,ENTREGA,22057657,28,ADS,MARCELO,CRITICO,DIGITEC FTZ,CABO DROP 1FO LOW F FIG8 CINZA